{"text": " You", "segments": [{"id": 0, "seek": 0, "start": 0.0, "end": 2.0, "text": " You", "tokens": [50364, 509, 50464], "temperature": 0.0, "avg_logprob": -0.7821639776229858, "compression_ratio": 0.2727272727272727, "no_speech_prob": 0.7417306303977966}], "language": "en"}