{"text": " through Viksit and I am a computer engineering student in Pune Institute of Computers.", "segments": [{"id": 0, "seek": 0, "start": 0.0, "end": 6.0, "text": " through Viksit and I am a computer engineering student in Pune Institute of Computers.", "tokens": [50364, 807, 691, 23292, 270, 293, 286, 669, 257, 3820, 7043, 3107, 294, 430, 2613, 9446, 295, 37804, 433, 13, 50664], "temperature": 0.0, "avg_logprob": -0.47288149053400214, "compression_ratio": 1.0886075949367089, "no_speech_prob": 0.26882025599479675}], "language": "en"}