{"text": " Hello, hello, hello, hello, hello, hello, this is the drone that shot.", "segments": [{"id": 0, "seek": 0, "start": 0.0, "end": 5.0, "text": " Hello, hello, hello, hello, hello, hello, this is the drone that shot.", "tokens": [50364, 2425, 11, 7751, 11, 7751, 11, 7751, 11, 7751, 11, 7751, 11, 341, 307, 264, 13852, 300, 3347, 13, 50614], "temperature": 0.0, "avg_logprob": -0.7103162678805265, "compression_ratio": 1.627906976744186, "no_speech_prob": 0.04046870768070221}], "language": "en"}